model,mode,max_hold,threshold,trades,win_rate,avg_return,total_return,sharpe,max_drawdown
m1_base_up20,absolute,無上限,0.77,605,0.8876,0.145,0.145,0.7045,-0.0351
m1_base_up20,matched_top,無上限,0.0,9708,0.6669,0.0707,0.0707,0.7339,-0.0229
m1_base_up20,absolute,20日,0.77,605,0.8942,0.1011,0.1011,0.5852,-0.0351
m1_base_up20,matched_top,20日,0.0,9706,0.5528,0.0283,0.0283,0.5771,-0.0161
m1_mdd10,absolute,無上限,0.68,15691,0.7988,0.1129,0.1129,0.5753,-0.0368
m1_mdd10,matched_top,無上限,0.0,9695,0.6553,0.0662,0.0662,0.6072,-0.0228
m1_mdd10,absolute,20日,0.68,15688,0.8594,0.0911,0.0911,0.5815,-0.0245
m1_mdd10,matched_top,20日,0.0,9692,0.5144,0.0096,0.0096,0.2835,-0.0136
swing,absolute,無上限,0.97,3276,0.6984,0.1356,0.1364,0.6835,-0.0422
swing,matched_top,無上限,0.0,10041,0.4522,0.1326,0.1338,0.516,-0.0777
swing,absolute,20日,0.97,3280,0.8369,0.1074,0.1074,0.699,-0.0258
swing,matched_top,20日,0.0,10057,0.4446,0.0051,0.0051,0.1512,-0.0146
